CVS-1AID3-00,460423
CVS-1NSCS-00,896831
CVS-2HAND-00,954798
CVS-2NASL-00,277790
CVS-30LIP-00,958239
CVS-30MNT-00,958238
CVS-30PCH-00,973911
CVS-3CITS-00,850624
CVS-3CLEN-00,952402
CVS-4ACNE-00,952407
CVS-4NSCS-00,699162
CVS-4PAIN-00,943901
CVS-4SMRK-00,920128
CVS-5EUCA-00,970479
CVS-5SCRB-00,827731
CVS-75ACN-00,232813
CVS-ACNWH-00,892053
CVS-ADWT5-00,276778
CVS-ALGCS-00,955517
CVS-ALOE3-00,950389
CVS-ALOE6-00,938359
CVS-ANTIW-00,276778
CVS-ARBLM-00,902856
CVS-ASPC3-00,213140
CVS-ASPC5-00,908183
CVS-ASPCS-00,957609
CVS-B0RF1-00,828278
CVS-B1TH1-00,899760
CVS-B3RH1-00,199296
CVS-B3ZA1-00,958241
CVS-B3ZC1-00,958242
CVS-B5RH1-00,199279
CVS-B7RH1-00,729844
CVS-BBCRM-00,902855
CVS-BEN2Z-00,237741
CVS-BEN4Z-00,237755
CVS-BENCS-00,957608
CVS-BKIT4-00,559682
CVS-BKNCR-00,908126
CVS-BLU20-00,199080
CVS-BRN45-00,308266
CVS-CAPSA-00,689296
CVS-CCRM9-00,483167
CVS-CLER2-00,350688
CVS-CLR20-00,199060
CVS-COOL3-00,460400
CVS-DAYCR-00,804094
CVS-DAYWS-00,276485
CVS-DEBDP-00,110973
CVS-DEBKT-00,973866
CVS-DPOR5-00,232807
CVS-DRTRL-00,912489
CVS-DRYSK-00,930987
CVS-DUOKT-00,903988
CVS-EARKT-00,457273
CVS-EARWX-00,999532
CVS-FHRM2-00,867042
CVS-FOOTL-00,926425
CVS-GLOW1-00,973897
CVS-HEELB-00,926426
CVS-HEMCS-00,919082
CVS-HHLOT-00,265245
CVS-HRMR9-00,867043
CVS-ICYHT-00,716887
CVS-INVAC-00,216549
CVS-ITCH3-00,460403
CVS-KPLOT-00,936447
CVS-KPSOP-00,936445
CVS-LIQBG-00,957606
CVS-LOFBB-00,952405
CVS-LOT20-00,401541
CVS-MDBBC-00,912490
CVS-MIRCL-00,952371
CVS-MOIST-00,952449
CVS-MRUB2-00,320989
CVS-MRUB3-00,200964
CVS-MRUB4-00,972687
CVS-NASL3-00,6205
CVS-NASLG-00,896071
CVS-NHTCR-00,804093
CVS-NSL15-00,891465
CVS-OFASC-00,697531
CVS-OFMIL-00,973893
CVS-ONSPT-00,447951
CVS-P3RC1-00,950398
CVS-P3SC1-00,950400
CVS-P5RC1-00,950399
CVS-PSOIL-00,936448
CVS-RTDAY-00,973898
CVS-RTEYE-00,973901
CVS-RTNHT-00,973899
CVS-S5BZ1-00,689603
CVS-S5KZ1-00,938360
CVS-S5SZ1-00,442893
CVS-S6BZ1-00,727121
CVS-SCAR7-00,249816
CVS-SCARG-00,246784
CVS-SKNBR-00,952447
CVS-SKOS2-00,697513
CVS-T3FC1-00,899756
CVS-T6BC1-00,727120
CVS-TACNE-00,697542
CVS-TNRLR-00,902857
CVS-TRIPL-00,957603
CVS-VANCR-00,952401
CVS-VTEC4-00,733288
EQT-3ANTS-00,551118811
EQT-CHRLR-00,551567603
EQT-DEBKT-00,550168489
EQT-EARDY-00,550210106
SBS-CVSBL-00,225490
SBS-CVSDB-00,313667
SBS-CVSJB-00,313666
SBS-CVSMB-00,226373
SCH-CHI2X-00,551118810
SCH-SYS36-00,4000909
WLG-12MST-00,151695
WLG-14DST-00,147176
WLG-3ACNE-00,354095
WLG-7SCAR-00,150412
WLG-9CCRM-00,417797
WLG-ACNWH-00,227265
WLG-ASPCS-00,271726
WLG-AVECZ-00,219989
WLG-AYRGL-00,355254
WLG-BACTN-00,349836
WLG-BENCS-00,221220
WLG-BGPCH-00,349773
WLG-BITER-00,244135
WLG-BRNR8-00,349835
WLG-BURNR-00,533525
WLG-CAPCN-00,323673
WLG-CORTZ-00,244134
WLG-DRSKN-00,417798
WLG-DS175-00,147175
WLG-EARDY-00,512169
WLG-EARKT-00,530266
WLG-EXZM5-00,336169
WLG-EXZMA-00,244137
WLG-FSAID-00,336168
WLG-GOLDB-00,359423
WLG-HEMCS-00,414147
WLG-ICYHT-00,474100
WLG-INACN-00,151574
WLG-ISO70-00,336171
WLG-LGPCH-00,349774
WLG-LIQBG-00,257631
WLG-O5RZ1-00,478101
WLG-PRXCS-00,336172
WLG-PVEC1-00,441311
WLG-PVWC5-00,441312
WLG-S3HZ1-00,515018
WLG-S5SA1-00,323070
WLG-S6BZ1-00,481520
WLG-SARNA-00,353350
WLG-SCARS-00,701595
WLG-SKOL4-00,151046
WLG-SMARK-00,151048
WLG-SMPCH-00,349776
WLG-SUNBR-00,323049
WLG-T0HD1-00,481524
WLG-T3HD1-00,323068
WLG-T5HD1-00,515023
WLG-TEATR-00,319055
WLG-TRIPL-00,244130
WLG-WMNX3-00,346734
WLG-WMNX9-00,346735
WLG-XLPCH-00,349775
