Product 1,Sku 1,Account 1,Class 1,Category 1,Subcategory 1
Product 2,Sku 2,Account 2,Class 2,Category 2,Subcategory 2
Product 3,Sku 3,Account 3,Class 3,Category 3,Subcategory 3
Product 4,Sku 4,Account 4,Class 4,Category 4,Subcategory 4
Product 5,Sku 5,Account 5,Class 5,Category 5,Subcategory 5
Product 6,Sku 6,Account 6,Class 6,Category 6,Subcategory 6
Product 7,Sku 7,Account 7,Class 7,Category 7,Subcategory 7
Product 8,Sku 8,Account 8,Class 8,Category 8,Subcategory 8
Product 9,Sku 9,Account 9,Class 9,Category 9,Subcategory 9
Product 10,Sku 10,Account 10,Class 10,Category 10,Subcategory 10
Product 11,Sku 11,Account 11,Class 11,Category 11,Subcategory 11
Product 12,Sku 12,Account 12,Class 12,Category 12,Subcategory 12
Product 13,Sku 13,Account 13,Class 13,Category 13,Subcategory 13
Product 14,Sku 14,Account 14,Class 14,Category 14,Subcategory 14
Product 15,Sku 15,Account 15,Class 15,Category 15,Subcategory 15
Product 16,Sku 16,Account 16,Class 16,Category 16,Subcategory 16
Product 17,Sku 17,Account 17,Class 17,Category 17,Subcategory 17
Product 18,Sku 18,Account 18,Class 18,Category 18,Subcategory 18
Product 19,Sku 19,Account 19,Class 19,Category 19,Subcategory 19
Product 20,Sku 20,Account 20,Class 20,Category 20,Subcategory 20
Product 21,Sku 21,Account 21,Class 21,Category 21,Subcategory 21
Product 22,Sku 22,Account 22,Class 22,Category 22,Subcategory 22
Product 23,Sku 23,Account 23,Class 23,Category 23,Subcategory 23
Product 24,Sku 24,Account 24,Class 24,Category 24,Subcategory 24
Product 25,Sku 25,Account 25,Class 25,Category 25,Subcategory 25
Product 26,Sku 26,Account 26,Class 26,Category 26,Subcategory 26
Product 27,Sku 27,Account 27,Class 27,Category 27,Subcategory 27
Product 28,Sku 28,Account 28,Class 28,Category 28,Subcategory 28
Product 29,Sku 29,Account 29,Class 29,Category 29,Subcategory 29
Product 30,Sku 30,Account 30,Class 30,Category 30,Subcategory 30
Product 31,Sku 31,Account 31,Class 31,Category 31,Subcategory 31
Product 32,Sku 32,Account 32,Class 32,Category 32,Subcategory 32
Product 33,Sku 33,Account 33,Class 33,Category 33,Subcategory 33
Product 34,Sku 34,Account 34,Class 34,Category 34,Subcategory 34
Product 35,Sku 35,Account 35,Class 35,Category 35,Subcategory 35
Product 36,Sku 36,Account 36,Class 36,Category 36,Subcategory 36
Product 37,Sku 37,Account 37,Class 37,Category 37,Subcategory 37
Product 38,Sku 38,Account 38,Class 38,Category 38,Subcategory 38
Product 39,Sku 39,Account 39,Class 39,Category 39,Subcategory 39
Product 40,Sku 40,Account 40,Class 40,Category 40,Subcategory 40
Product 41,Sku 41,Account 41,Class 41,Category 41,Subcategory 41
Product 42,Sku 42,Account 42,Class 42,Category 42,Subcategory 42
Product 43,Sku 43,Account 43,Class 43,Category 43,Subcategory 43
Product 44,Sku 44,Account 44,Class 44,Category 44,Subcategory 44
Product 45,Sku 45,Account 45,Class 45,Category 45,Subcategory 45
Product 46,Sku 46,Account 46,Class 46,Category 46,Subcategory 46
Product 47,Sku 47,Account 47,Class 47,Category 47,Subcategory 47
Product 48,Sku 48,Account 48,Class 48,Category 48,Subcategory 48
Product 49,Sku 49,Account 49,Class 49,Category 49,Subcategory 49
Product 50,Sku 50,Account 50,Class 50,Category 50,Subcategory 50
Product 51,Sku 51,Account 51,Class 51,Category 51,Subcategory 51
Product 52,Sku 52,Account 52,Class 52,Category 52,Subcategory 52
Product 53,Sku 53,Account 53,Class 53,Category 53,Subcategory 53
Product 54,Sku 54,Account 54,Class 54,Category 54,Subcategory 54
Product 55,Sku 55,Account 55,Class 55,Category 55,Subcategory 55
Product 56,Sku 56,Account 56,Class 56,Category 56,Subcategory 56
Product 57,Sku 57,Account 57,Class 57,Category 57,Subcategory 57
Product 58,Sku 58,Account 58,Class 58,Category 58,Subcategory 58
Product 59,Sku 59,Account 59,Class 59,Category 59,Subcategory 59
Product 60,Sku 60,Account 60,Class 60,Category 60,Subcategory 60
Product 61,Sku 61,Account 61,Class 61,Category 61,Subcategory 61
Product 62,Sku 62,Account 62,Class 62,Category 62,Subcategory 62
Product 63,Sku 63,Account 63,Class 63,Category 63,Subcategory 63
Product 64,Sku 64,Account 64,Class 64,Category 64,Subcategory 64
Product 65,Sku 65,Account 65,Class 65,Category 65,Subcategory 65
Product 66,Sku 66,Account 66,Class 66,Category 66,Subcategory 66
Product 67,Sku 67,Account 67,Class 67,Category 67,Subcategory 67
Product 68,Sku 68,Account 68,Class 68,Category 68,Subcategory 68
Product 69,Sku 69,Account 69,Class 69,Category 69,Subcategory 69
Product 70,Sku 70,Account 70,Class 70,Category 70,Subcategory 70
Product 71,Sku 71,Account 71,Class 71,Category 71,Subcategory 71
Product 72,Sku 72,Account 72,Class 72,Category 72,Subcategory 72
Product 73,Sku 73,Account 73,Class 73,Category 73,Subcategory 73
Product 74,Sku 74,Account 74,Class 74,Category 74,Subcategory 74
Product 75,Sku 75,Account 75,Class 75,Category 75,Subcategory 75
Product 76,Sku 76,Account 76,Class 76,Category 76,Subcategory 76
Product 77,Sku 77,Account 77,Class 77,Category 77,Subcategory 77
Product 78,Sku 78,Account 78,Class 78,Category 78,Subcategory 78
Product 79,Sku 79,Account 79,Class 79,Category 79,Subcategory 79
Product 80,Sku 80,Account 80,Class 80,Category 80,Subcategory 80
Product 81,Sku 81,Account 81,Class 81,Category 81,Subcategory 81
Product 82,Sku 82,Account 82,Class 82,Category 82,Subcategory 82
Product 83,Sku 83,Account 83,Class 83,Category 83,Subcategory 83
Product 84,Sku 84,Account 84,Class 84,Category 84,Subcategory 84
Product 85,Sku 85,Account 85,Class 85,Category 85,Subcategory 85
Product 86,Sku 86,Account 86,Class 86,Category 86,Subcategory 86
Product 87,Sku 87,Account 87,Class 87,Category 87,Subcategory 87
Product 88,Sku 88,Account 88,Class 88,Category 88,Subcategory 88
Product 89,Sku 89,Account 89,Class 89,Category 89,Subcategory 89
Product 90,Sku 90,Account 90,Class 90,Category 90,Subcategory 90
Product 91,Sku 91,Account 91,Class 91,Category 91,Subcategory 91
Product 92,Sku 92,Account 92,Class 92,Category 92,Subcategory 92
Product 93,Sku 93,Account 93,Class 93,Category 93,Subcategory 93
Product 94,Sku 94,Account 94,Class 94,Category 94,Subcategory 94
Product 95,Sku 95,Account 95,Class 95,Category 95,Subcategory 95
Product 96,Sku 96,Account 96,Class 96,Category 96,Subcategory 96
Product 97,Sku 97,Account 97,Class 97,Category 97,Subcategory 97
Product 98,Sku 98,Account 98,Class 98,Category 98,Subcategory 98
Product 99,Sku 99,Account 99,Class 99,Category 99,Subcategory 99
Product 100,Sku 100,Account 100,Class 100,Category 100,Subcategory 100
Product 101,Sku 101,Account 101,Class 101,Category 101,Subcategory 101
Product 102,Sku 102,Account 102,Class 102,Category 102,Subcategory 102
Product 103,Sku 103,Account 103,Class 103,Category 103,Subcategory 103
Product 104,Sku 104,Account 104,Class 104,Category 104,Subcategory 104
Product 105,Sku 105,Account 105,Class 105,Category 105,Subcategory 105
Product 106,Sku 106,Account 106,Class 106,Category 106,Subcategory 106
Product 107,Sku 107,Account 107,Class 107,Category 107,Subcategory 107
Product 108,Sku 108,Account 108,Class 108,Category 108,Subcategory 108
Product 109,Sku 109,Account 109,Class 109,Category 109,Subcategory 109
Product 110,Sku 110,Account 110,Class 110,Category 110,Subcategory 110
Product 111,Sku 111,Account 111,Class 111,Category 111,Subcategory 111
Product 112,Sku 112,Account 112,Class 112,Category 112,Subcategory 112
Product 113,Sku 113,Account 113,Class 113,Category 113,Subcategory 113
Product 114,Sku 114,Account 114,Class 114,Category 114,Subcategory 114
Product 115,Sku 115,Account 115,Class 115,Category 115,Subcategory 115
Product 116,Sku 116,Account 116,Class 116,Category 116,Subcategory 116
Product 117,Sku 117,Account 117,Class 117,Category 117,Subcategory 117
Product 118,Sku 118,Account 118,Class 118,Category 118,Subcategory 118
Product 119,Sku 119,Account 119,Class 119,Category 119,Subcategory 119
Product 120,Sku 120,Account 120,Class 120,Category 120,Subcategory 120
Product 121,Sku 121,Account 121,Class 121,Category 121,Subcategory 121
Product 122,Sku 122,Account 122,Class 122,Category 122,Subcategory 122
Product 123,Sku 123,Account 123,Class 123,Category 123,Subcategory 123
Product 124,Sku 124,Account 124,Class 124,Category 124,Subcategory 124
Product 125,Sku 125,Account 125,Class 125,Category 125,Subcategory 125
Product 126,Sku 126,Account 126,Class 126,Category 126,Subcategory 126
Product 127,Sku 127,Account 127,Class 127,Category 127,Subcategory 127
Product 128,Sku 128,Account 128,Class 128,Category 128,Subcategory 128
Product 129,Sku 129,Account 129,Class 129,Category 129,Subcategory 129
Product 130,Sku 130,Account 130,Class 130,Category 130,Subcategory 130
Product 131,Sku 131,Account 131,Class 131,Category 131,Subcategory 131
Product 132,Sku 132,Account 132,Class 132,Category 132,Subcategory 132
Product 133,Sku 133,Account 133,Class 133,Category 133,Subcategory 133
Product 134,Sku 134,Account 134,Class 134,Category 134,Subcategory 134
Product 135,Sku 135,Account 135,Class 135,Category 135,Subcategory 135
Product 136,Sku 136,Account 136,Class 136,Category 136,Subcategory 136
Product 137,Sku 137,Account 137,Class 137,Category 137,Subcategory 137
Product 138,Sku 138,Account 138,Class 138,Category 138,Subcategory 138
Product 139,Sku 139,Account 139,Class 139,Category 139,Subcategory 139
Product 140,Sku 140,Account 140,Class 140,Category 140,Subcategory 140
Product 141,Sku 141,Account 141,Class 141,Category 141,Subcategory 141
Product 142,Sku 142,Account 142,Class 142,Category 142,Subcategory 142
Product 143,Sku 143,Account 143,Class 143,Category 143,Subcategory 143
Product 144,Sku 144,Account 144,Class 144,Category 144,Subcategory 144
Product 145,Sku 145,Account 145,Class 145,Category 145,Subcategory 145
Product 146,Sku 146,Account 146,Class 146,Category 146,Subcategory 146
Product 147,Sku 147,Account 147,Class 147,Category 147,Subcategory 147
Product 148,Sku 148,Account 148,Class 148,Category 148,Subcategory 148
Product 149,Sku 149,Account 149,Class 149,Category 149,Subcategory 149
Product 150,Sku 150,Account 150,Class 150,Category 150,Subcategory 150
Product 151,Sku 151,Account 151,Class 151,Category 151,Subcategory 151
Product 152,Sku 152,Account 152,Class 152,Category 152,Subcategory 152
Product 153,Sku 153,Account 153,Class 153,Category 153,Subcategory 153
Product 154,Sku 154,Account 154,Class 154,Category 154,Subcategory 154
Product 155,Sku 155,Account 155,Class 155,Category 155,Subcategory 155
Product 156,Sku 156,Account 156,Class 156,Category 156,Subcategory 156
Product 157,Sku 157,Account 157,Class 157,Category 157,Subcategory 157
Product 158,Sku 158,Account 158,Class 158,Category 158,Subcategory 158
Product 159,Sku 159,Account 159,Class 159,Category 159,Subcategory 159
Product 160,Sku 160,Account 160,Class 160,Category 160,Subcategory 160
Product 161,Sku 161,Account 161,Class 161,Category 161,Subcategory 161
Product 162,Sku 162,Account 162,Class 162,Category 162,Subcategory 162
Product 163,Sku 163,Account 163,Class 163,Category 163,Subcategory 163
Product 164,Sku 164,Account 164,Class 164,Category 164,Subcategory 164
Product 165,Sku 165,Account 165,Class 165,Category 165,Subcategory 165
Product 166,Sku 166,Account 166,Class 166,Category 166,Subcategory 166
Product 167,Sku 167,Account 167,Class 167,Category 167,Subcategory 167
Product 168,Sku 168,Account 168,Class 168,Category 168,Subcategory 168
Product 169,Sku 169,Account 169,Class 169,Category 169,Subcategory 169
Product 170,Sku 170,Account 170,Class 170,Category 170,Subcategory 170
Product 171,Sku 171,Account 171,Class 171,Category 171,Subcategory 171
Product 172,Sku 172,Account 172,Class 172,Category 172,Subcategory 172
Product 173,Sku 173,Account 173,Class 173,Category 173,Subcategory 173
Product 174,Sku 174,Account 174,Class 174,Category 174,Subcategory 174
Product 175,Sku 175,Account 175,Class 175,Category 175,Subcategory 175
Product 176,Sku 176,Account 176,Class 176,Category 176,Subcategory 176
Product 177,Sku 177,Account 177,Class 177,Category 177,Subcategory 177
Product 178,Sku 178,Account 178,Class 178,Category 178,Subcategory 178
Product 179,Sku 179,Account 179,Class 179,Category 179,Subcategory 179
Product 180,Sku 180,Account 180,Class 180,Category 180,Subcategory 180
Product 181,Sku 181,Account 181,Class 181,Category 181,Subcategory 181
Product 182,Sku 182,Account 182,Class 182,Category 182,Subcategory 182
Product 183,Sku 183,Account 183,Class 183,Category 183,Subcategory 183
Product 184,Sku 184,Account 184,Class 184,Category 184,Subcategory 184
Product 185,Sku 185,Account 185,Class 185,Category 185,Subcategory 185
Product 186,Sku 186,Account 186,Class 186,Category 186,Subcategory 186
Product 187,Sku 187,Account 187,Class 187,Category 187,Subcategory 187
Product 188,Sku 188,Account 188,Class 188,Category 188,Subcategory 188
Product 189,Sku 189,Account 189,Class 189,Category 189,Subcategory 189
Product 190,Sku 190,Account 190,Class 190,Category 190,Subcategory 190
Product 191,Sku 191,Account 191,Class 191,Category 191,Subcategory 191
Product 192,Sku 192,Account 192,Class 192,Category 192,Subcategory 192
Product 193,Sku 193,Account 193,Class 193,Category 193,Subcategory 193
Product 194,Sku 194,Account 194,Class 194,Category 194,Subcategory 194
Product 195,Sku 195,Account 195,Class 195,Category 195,Subcategory 195
Product 196,Sku 196,Account 196,Class 196,Category 196,Subcategory 196
Product 197,Sku 197,Account 197,Class 197,Category 197,Subcategory 197
Product 198,Sku 198,Account 198,Class 198,Category 198,Subcategory 198
Product 199,Sku 199,Account 199,Class 199,Category 199,Subcategory 199
Product 200,Sku 200,Account 200,Class 200,Category 200,Subcategory 200
Product 201,Sku 201,Account 201,Class 201,Category 201,Subcategory 201
Product 202,Sku 202,Account 202,Class 202,Category 202,Subcategory 202
Product 203,Sku 203,Account 203,Class 203,Category 203,Subcategory 203
Product 204,Sku 204,Account 204,Class 204,Category 204,Subcategory 204
Product 205,Sku 205,Account 205,Class 205,Category 205,Subcategory 205
Product 206,Sku 206,Account 206,Class 206,Category 206,Subcategory 206
Product 207,Sku 207,Account 207,Class 207,Category 207,Subcategory 207
Product 208,Sku 208,Account 208,Class 208,Category 208,Subcategory 208
Product 209,Sku 209,Account 209,Class 209,Category 209,Subcategory 209
Product 210,Sku 210,Account 210,Class 210,Category 210,Subcategory 210
Product 211,Sku 211,Account 211,Class 211,Category 211,Subcategory 211
Product 212,Sku 212,Account 212,Class 212,Category 212,Subcategory 212
Product 213,Sku 213,Account 213,Class 213,Category 213,Subcategory 213
Product 214,Sku 214,Account 214,Class 214,Category 214,Subcategory 214
Product 215,Sku 215,Account 215,Class 215,Category 215,Subcategory 215
Product 216,Sku 216,Account 216,Class 216,Category 216,Subcategory 216
Product 217,Sku 217,Account 217,Class 217,Category 217,Subcategory 217
Product 218,Sku 218,Account 218,Class 218,Category 218,Subcategory 218
Product 219,Sku 219,Account 219,Class 219,Category 219,Subcategory 219
Product 220,Sku 220,Account 220,Class 220,Category 220,Subcategory 220
Product 221,Sku 221,Account 221,Class 221,Category 221,Subcategory 221
Product 222,Sku 222,Account 222,Class 222,Category 222,Subcategory 222
Product 223,Sku 223,Account 223,Class 223,Category 223,Subcategory 223
Product 224,Sku 224,Account 224,Class 224,Category 224,Subcategory 224
Product 225,Sku 225,Account 225,Class 225,Category 225,Subcategory 225
Product 226,Sku 226,Account 226,Class 226,Category 226,Subcategory 226
Product 227,Sku 227,Account 227,Class 227,Category 227,Subcategory 227
Product 228,Sku 228,Account 228,Class 228,Category 228,Subcategory 228
Product 229,Sku 229,Account 229,Class 229,Category 229,Subcategory 229
Product 230,Sku 230,Account 230,Class 230,Category 230,Subcategory 230
Product 231,Sku 231,Account 231,Class 231,Category 231,Subcategory 231
Product 232,Sku 232,Account 232,Class 232,Category 232,Subcategory 232
Product 233,Sku 233,Account 233,Class 233,Category 233,Subcategory 233
Product 234,Sku 234,Account 234,Class 234,Category 234,Subcategory 234
Product 235,Sku 235,Account 235,Class 235,Category 235,Subcategory 235
Product 236,Sku 236,Account 236,Class 236,Category 236,Subcategory 236
Product 237,Sku 237,Account 237,Class 237,Category 237,Subcategory 237
Product 238,Sku 238,Account 238,Class 238,Category 238,Subcategory 238
Product 239,Sku 239,Account 239,Class 239,Category 239,Subcategory 239
Product 240,Sku 240,Account 240,Class 240,Category 240,Subcategory 240
Product 241,Sku 241,Account 241,Class 241,Category 241,Subcategory 241
Product 242,Sku 242,Account 242,Class 242,Category 242,Subcategory 242
Product 243,Sku 243,Account 243,Class 243,Category 243,Subcategory 243
Product 244,Sku 244,Account 244,Class 244,Category 244,Subcategory 244
Product 245,Sku 245,Account 245,Class 245,Category 245,Subcategory 245
Product 246,Sku 246,Account 246,Class 246,Category 246,Subcategory 246
Product 247,Sku 247,Account 247,Class 247,Category 247,Subcategory 247
Product 248,Sku 248,Account 248,Class 248,Category 248,Subcategory 248
Product 249,Sku 249,Account 249,Class 249,Category 249,Subcategory 249
Product 250,Sku 250,Account 250,Class 250,Category 250,Subcategory 250
